"AppealId","AppealDecision","PunishmentDuration"
"16-82.525","http://growgraph.dev/fcaont#AppealRejected","P0D"
"16-82.525","http://growgraph.dev/fcaont#AppealRejected","P1Y"
"16-82.525","http://growgraph.dev/fcaont#AppealRejected","P2Y"
"19-81.929","http://growgraph.dev/fcaont#AppealRejected",
"19-86.149",,
"19-87.735","https://growgraph.dev/fca/appeal/fca--19-87--735#AppealDecision_1987735",
"20-82.707","http://growgraph.dev/fcaont#AppealRejected",
"20-85.968","http://growgraph.dev/fcaont#AppealRejected","PT3Y"
"20-85.968","http://growgraph.dev/fcaont#AppealRejected","PT3Y"
"20-86.117",,
"21-80.493","http://growgraph.dev/fcaont#AppealRejected","P3Y"
"21-80.601",,
"21-81.001","http://growgraph.dev/fcaont#AppealCassationPartial",
"21-81.391","http://growgraph.dev/fcaont#AppealRejected",
"21-81.742","http://growgraph.dev/fcaont#AppealCassationPartial",
"21-82.035",,
"21-82.111","http://growgraph.dev/fcaont#AppealRejected",
"21-82.380",,
"21-82.469","http://growgraph.dev/fcaont#AppealRejected",
"21-82.778","http://growgraph.dev/fcaont#AppealRejected",
"21-82.844","http://growgraph.dev/fcaont#AppealRejected","P10M"
"21-82.844","http://growgraph.dev/fcaont#AppealRejected","P13Y"
"21-82.844","http://growgraph.dev/fcaont#AppealRejected","P18Y"
"21-82.844","http://growgraph.dev/fcaont#AppealRejected","P1Y"
"21-82.844","http://growgraph.dev/fcaont#AppealRejected","P1Y6M"
"21-82.844","http://growgraph.dev/fcaont#AppealRejected","P22Y2M11D"
"21-82.844","http://growgraph.dev/fcaont#AppealRejected","P25Y"
"21-82.844","http://growgraph.dev/fcaont#AppealRejected","P2M"
"21-82.844","http://growgraph.dev/fcaont#AppealRejected","P2Y"
"21-82.844","http://growgraph.dev/fcaont#AppealRejected","P2Y1M"
"21-82.844","http://growgraph.dev/fcaont#AppealRejected","P30Y"
"21-82.844","http://growgraph.dev/fcaont#AppealRejected","P3M"
"21-82.844","http://growgraph.dev/fcaont#AppealRejected","P3Y"
"21-82.844","http://growgraph.dev/fcaont#AppealRejected","P4Y"
"21-82.844","http://growgraph.dev/fcaont#AppealRejected","P5M"
"21-82.844","http://growgraph.dev/fcaont#AppealRejected","P5Y"
"21-82.844","http://growgraph.dev/fcaont#AppealRejected","P6M"
"21-82.844","http://growgraph.dev/fcaont#AppealRejected","P6Y"
"21-82.844","http://growgraph.dev/fcaont#AppealRejected","P7Y"
"21-82.844","http://growgraph.dev/fcaont#AppealRejected","P8M"
"21-82.844","http://growgraph.dev/fcaont#AppealRejected","P9M"
"21-82.844","http://growgraph.dev/fcaont#AppealRejected","PT12M"
"21-82.844","http://growgraph.dev/fcaont#AppealRejected","PT18M"
"21-82.844","http://growgraph.dev/fcaont#AppealRejected","PT2M"
"21-82.844","http://growgraph.dev/fcaont#AppealRejected","PT2Y"
"21-82.844","http://growgraph.dev/fcaont#AppealRejected","PT3M"
"21-82.844","http://growgraph.dev/fcaont#AppealRejected","PT3Y"
"21-82.844","http://growgraph.dev/fcaont#AppealRejected","PT4M"
"21-82.844","http://growgraph.dev/fcaont#AppealRejected","PT4Y"
"21-82.844","http://growgraph.dev/fcaont#AppealRejected","PT5Y"
"21-82.844","http://growgraph.dev/fcaont#AppealRejected","PT6M"
"21-83.376","http://growgraph.dev/fcaont#AppealRejected",
"21-83.417",,
"21-83.909","http://growgraph.dev/fcaont#AppealRejected",
"21-84.059",,"PT10M"
"21-84.314","http://growgraph.dev/fcaont#AppealRejected",
"21-84.365",,
"21-84.827",,"P4Y"
"21-84.857","http://growgraph.dev/fcaont#AppealRejected",
"21-84.903","https://growgraph.dev/fca/appeal/fca--21-84--903#appealDecision_21_84_903",
"21-85.037","http://growgraph.dev/fcaont#AppealRejected",
"21-85.454",,"P1Y"
"21-85.454",,"P6M"
"21-85.460",,"P1Y6M"
"21-85.572","http://growgraph.dev/fcaont#AppealRejected",
"21-85.893","https://growgraph.dev/fca/appeal/fca--21-85--893#appeal_decision_21_85_893",
"21-85.894","http://growgraph.dev/fcaont#AppealRejected",
"21-85.940","http://growgraph.dev/fcaont#AppealRejected",
"21-85.940","http://growgraph.dev/fcaont#AppealRejected",
"21-85.967","http://growgraph.dev/fcaont#AppealPartiallyUpheld","P10M"
"21-85.967","http://growgraph.dev/fcaont#AppealPartiallyUpheld","P13Y"
"21-85.967","http://growgraph.dev/fcaont#AppealPartiallyUpheld","P18Y"
"21-85.967","http://growgraph.dev/fcaont#AppealPartiallyUpheld","P1Y"
"21-85.967","http://growgraph.dev/fcaont#AppealPartiallyUpheld","P1Y6M"
"21-85.967","http://growgraph.dev/fcaont#AppealPartiallyUpheld","P22Y2M11D"
"21-85.967","http://growgraph.dev/fcaont#AppealPartiallyUpheld","P25Y"
"21-85.967","http://growgraph.dev/fcaont#AppealPartiallyUpheld","P2M"
"21-85.967","http://growgraph.dev/fcaont#AppealPartiallyUpheld","P2Y"
"21-85.967","http://growgraph.dev/fcaont#AppealPartiallyUpheld","P2Y1M"
"21-85.967","http://growgraph.dev/fcaont#AppealPartiallyUpheld","P30Y"
"21-85.967","http://growgraph.dev/fcaont#AppealPartiallyUpheld","P3M"
"21-85.967","http://growgraph.dev/fcaont#AppealPartiallyUpheld","P3Y"
"21-85.967","http://growgraph.dev/fcaont#AppealPartiallyUpheld","P4Y"
"21-85.967","http://growgraph.dev/fcaont#AppealPartiallyUpheld","P5M"
"21-85.967","http://growgraph.dev/fcaont#AppealPartiallyUpheld","P5Y"
"21-85.967","http://growgraph.dev/fcaont#AppealPartiallyUpheld","P6M"
"21-85.967","http://growgraph.dev/fcaont#AppealPartiallyUpheld","P6Y"
"21-85.967","http://growgraph.dev/fcaont#AppealPartiallyUpheld","P7Y"
"21-85.967","http://growgraph.dev/fcaont#AppealPartiallyUpheld","P8M"
"21-85.967","http://growgraph.dev/fcaont#AppealPartiallyUpheld","P9M"
"21-85.967","http://growgraph.dev/fcaont#AppealPartiallyUpheld","PT12M"
"21-85.967","http://growgraph.dev/fcaont#AppealPartiallyUpheld","PT18M"
"21-85.967","http://growgraph.dev/fcaont#AppealPartiallyUpheld","PT2M"
"21-85.967","http://growgraph.dev/fcaont#AppealPartiallyUpheld","PT2Y"
"21-85.967","http://growgraph.dev/fcaont#AppealPartiallyUpheld","PT3M"
"21-85.967","http://growgraph.dev/fcaont#AppealPartiallyUpheld","PT3Y"
"21-85.967","http://growgraph.dev/fcaont#AppealPartiallyUpheld","PT4M"
"21-85.967","http://growgraph.dev/fcaont#AppealPartiallyUpheld","PT4Y"
"21-85.967","http://growgraph.dev/fcaont#AppealPartiallyUpheld","PT5Y"
"21-85.967","http://growgraph.dev/fcaont#AppealPartiallyUpheld","PT6M"
"21-86.065","https://growgraph.dev/fca/appeal/fca--21-86--065#appeal_decision_21_86_065",
"21-86.068","https://growgraph.dev/fca/appeal/fca--21-86--068#AppealDecision_21_86_068",
"21-86.091",,
"21-86.108","http://growgraph.dev/fcaont#AppealRejected",
"21-86.113","http://growgraph.dev/fcaont#AppealRejected",
"21-86.163","https://growgraph.dev/fca/appeal/fca--21-86--163#appealDecision21_86_163",
"21-86.170",,"P2M"
"21-86.211","http://growgraph.dev/fcaont#AppealRejected",
"21-86.413","http://growgraph.dev/fcaont#AppealRejected",
"21-86.420","http://growgraph.dev/fcaont#AppealRejected",
"21-86.428","http://growgraph.dev/fcaont#AppealRejected",
"21-86.494","https://growgraph.dev/fca/appeal/fca--21-86--494#appealDecision21_86_494","P1Y"
"21-86.595","http://growgraph.dev/fcaont#AppealRejected",
"21-86.680",,"P2Y"
"21-86.778","http://growgraph.dev/fcaont#AppealUpheld",
"21-86.839",,
"21-86.848","http://growgraph.dev/fcaont#AppealRejected",
"21-86.859","http://growgraph.dev/fcaont#AppealRejected",
"21-86.861","https://growgraph.dev/fca/appeal/fca--21-86--861#AppealDecision_50773",
"21-86.885","http://growgraph.dev/fcaont#AppealRejected",
"21-86.987",,
"21-87.003","https://growgraph.dev/fca/appeal/fca--21-87--003#AppealDecision_28_June_2023",
"21-87.035",,
"21-87.068",,"P6Y"
"21-87.068",,"P999Y"
"21-87.068",,"P999Y"
"21-87.080",,
"21-87.121","http://growgraph.dev/fcaont#AppealRejected",
"21-87.138","http://growgraph.dev/fcaont#AppealRejected",
"21-87.140","http://growgraph.dev/fcaont#AppealCassationPartial",
"21-87.180",,"P8M"
"21-87.360","http://growgraph.dev/fcaont#AppealRejected","PT12M"
"21-87.372",,
"21-87.468",,
"21-87.469","http://growgraph.dev/fcaont#AppealRejected",
"22-80.009",,
"22-80.040",,
"22-80.099","https://growgraph.dev/fca/appeal/fca--22-80--099#appealDecision_22_80099",
"22-80.113","http://growgraph.dev/fcaont#AppealRejected",
"22-80.124",,
"22-80.144","http://growgraph.dev/fcaont#AppealRejected",
"22-80.184",,"PT2Y"
"22-80.203","https://growgraph.dev/fca/appeal/fca--22-80--203#appealDecision_50072","PT2M"
"22-80.228","http://growgraph.dev/fcaont#AppealRejected",
"22-80.317","http://growgraph.dev/fcaont#AppealRejected","P13Y"
"22-80.369",,
"22-80.461","https://growgraph.dev/fca/appeal/fca--22-80--461#AppealDecision22_80_461",
"22-80.518","http://growgraph.dev/fcaont#AppealRejected",
"22-80.534","http://growgraph.dev/fcaont#AppealRejected","P2Y"
"22-80.544","https://growgraph.dev/fca/appeal/fca--22-80--544#appealDecision_22_80_544","P6Y"
"22-80.684","https://growgraph.dev/fca/appeal/fca--22-80--684#appeal_decision_non_admitted",
"22-80.696",,
"22-80.720",,
"22-80.767","http://growgraph.dev/fcaont#AppealRejected",
"22-80.771","http://growgraph.dev/fcaont#AppealRejected",
"22-80.779","http://growgraph.dev/fcaont#AppealCassationPartial",
"22-80.789",,
"22-80.827",,
"22-80.843","http://growgraph.dev/fcaont#AppealRejected",
"22-80.848","http://growgraph.dev/fcaont#AppealRejected",
"22-80.879",,
"22-80.897","http://growgraph.dev/fcaont#AppealRejected",
"22-80.898","http://growgraph.dev/fcaont#AppealRejected",
"22-80.902","http://growgraph.dev/fcaont#AppealRejected","PT3M"
"22-80.917",,"P8M"
"22-80.918","http://growgraph.dev/fcaont#AppealRejected",
"22-80.925","https://growgraph.dev/fca/appeal/fca--22-80--925#appealDecision_22_80_925",
"22-80.976",,"P6M"
"22-80.982","http://growgraph.dev/fcaont#AppealRejected",
"22-81.020","https://growgraph.dev/fca/appeal/fca--22-81--020#appeal_decision_00764","P1Y6M"
"22-81.034",,
"22-81.048",,
"22-81.056","http://growgraph.dev/fcaont#AppealRejected",
"22-81.075",,"P0D"
"22-81.075",,"P1Y"
"22-81.085",,"P1Y6M"
"22-81.095",,
"22-81.116","http://growgraph.dev/fcaont#AppealRejected",
"22-81.130","http://growgraph.dev/fcaont#AppealRejected","https://growgraph.dev/fca/appeal/fca--22-84--386#DurationLifeImprisonment"
"22-81.130","http://growgraph.dev/fcaont#AppealRejected","P0D"
"22-81.130","http://growgraph.dev/fcaont#AppealRejected","P1M"
"22-81.130","http://growgraph.dev/fcaont#AppealRejected","P1Y"
"22-81.130","http://growgraph.dev/fcaont#AppealRejected","P1Y6M"
"22-81.130","http://growgraph.dev/fcaont#AppealRejected","P2032-05-12"
"22-81.130","http://growgraph.dev/fcaont#AppealRejected","P28Y"
"22-81.130","http://growgraph.dev/fcaont#AppealRejected","P2Y"
"22-81.130","http://growgraph.dev/fcaont#AppealRejected","P30D"
"22-81.130","http://growgraph.dev/fcaont#AppealRejected","P3D"
"22-81.130","http://growgraph.dev/fcaont#AppealRejected","P3M"
"22-81.130","http://growgraph.dev/fcaont#AppealRejected","P3Y"
"22-81.130","http://growgraph.dev/fcaont#AppealRejected","P4M"
"22-81.130","http://growgraph.dev/fcaont#AppealRejected","P5Y"
"22-81.130","http://growgraph.dev/fcaont#AppealRejected","P6M"
"22-81.130","http://growgraph.dev/fcaont#AppealRejected","P90D"
"22-81.130","http://growgraph.dev/fcaont#AppealRejected","PT12M"
"22-81.130","http://growgraph.dev/fcaont#AppealRejected","PT15Y"
"22-81.130","http://growgraph.dev/fcaont#AppealRejected","PT1Y"
"22-81.130","http://growgraph.dev/fcaont#AppealRejected","PT2Y"
"22-81.130","http://growgraph.dev/fcaont#AppealRejected","PT5Y"
"22-81.130","http://growgraph.dev/fcaont#AppealRejected","PT6M"
"22-81.130","http://growgraph.dev/fcaont#AppealRejected","PT7Y"
"22-81.165","http://growgraph.dev/fcaont#AppealRejected","P2Y"
"22-81.165","http://growgraph.dev/fcaont#AppealRejected","P8M"
"22-81.169","http://growgraph.dev/fcaont#AppealRejected",
"22-81.174","http://growgraph.dev/fcaont#AppealDecision_22_81_174",
"22-81.178","https://growgraph.dev/fca/appeal/fca--22-81--178#AppealDecision_22_81_178",
"22-81.195","http://growgraph.dev/fcaont#AppealRejected",
"22-81.200","https://growgraph.dev/fca/appeal/fca--22-81--200#AppealDecision_22_81_200",
"22-81.202","http://growgraph.dev/fcaont#AppealRejected",
"22-81.207",,
"22-81.223","http://growgraph.dev/fcaont#AppealRejected",
"22-81.226","http://growgraph.dev/fcaont#AppealRejected",
"22-81.234","https://growgraph.dev/fca/appeal/fca--22-81--234#partialCassation",
"22-81.289",,
"22-81.298",,
"22-81.325",,
"22-81.326","http://growgraph.dev/fcaont#AppealRejected",
"22-81.343",,
"22-81.349","http://growgraph.dev/fcaont#AppealRejected",
"22-81.399",,
"22-81.413",,
"22-81.445","http://growgraph.dev/fcaont#AppealRejected","P10M"
"22-81.445","http://growgraph.dev/fcaont#AppealRejected","P13Y"
"22-81.445","http://growgraph.dev/fcaont#AppealRejected","P18Y"
"22-81.445","http://growgraph.dev/fcaont#AppealRejected","P1Y"
"22-81.445","http://growgraph.dev/fcaont#AppealRejected","P1Y6M"
"22-81.445","http://growgraph.dev/fcaont#AppealRejected","P22Y2M11D"
"22-81.445","http://growgraph.dev/fcaont#AppealRejected","P25Y"
"22-81.445","http://growgraph.dev/fcaont#AppealRejected","P2M"
"22-81.445","http://growgraph.dev/fcaont#AppealRejected","P2Y"
"22-81.445","http://growgraph.dev/fcaont#AppealRejected","P2Y1M"
"22-81.445","http://growgraph.dev/fcaont#AppealRejected","P30Y"
"22-81.445","http://growgraph.dev/fcaont#AppealRejected","P3M"
"22-81.445","http://growgraph.dev/fcaont#AppealRejected","P3Y"
"22-81.445","http://growgraph.dev/fcaont#AppealRejected","P4Y"
"22-81.445","http://growgraph.dev/fcaont#AppealRejected","P5M"
"22-81.445","http://growgraph.dev/fcaont#AppealRejected","P5Y"
"22-81.445","http://growgraph.dev/fcaont#AppealRejected","P6M"
"22-81.445","http://growgraph.dev/fcaont#AppealRejected","P6Y"
"22-81.445","http://growgraph.dev/fcaont#AppealRejected","P7Y"
"22-81.445","http://growgraph.dev/fcaont#AppealRejected","P8M"
"22-81.445","http://growgraph.dev/fcaont#AppealRejected","P9M"
"22-81.445","http://growgraph.dev/fcaont#AppealRejected","PT12M"
"22-81.445","http://growgraph.dev/fcaont#AppealRejected","PT18M"
"22-81.445","http://growgraph.dev/fcaont#AppealRejected","PT2M"
"22-81.445","http://growgraph.dev/fcaont#AppealRejected","PT2Y"
"22-81.445","http://growgraph.dev/fcaont#AppealRejected","PT3M"
"22-81.445","http://growgraph.dev/fcaont#AppealRejected","PT3Y"
"22-81.445","http://growgraph.dev/fcaont#AppealRejected","PT4M"
"22-81.445","http://growgraph.dev/fcaont#AppealRejected","PT4Y"
"22-81.445","http://growgraph.dev/fcaont#AppealRejected","PT5Y"
"22-81.445","http://growgraph.dev/fcaont#AppealRejected","PT6M"
"22-81.476","http://growgraph.dev/fcaont#AppealCassationPartialWithoutReferral",
"22-81.548","http://growgraph.dev/fcaont#AppealRejected",
"22-81.553","http://growgraph.dev/fcaont#AppealRejected",
"22-81.590","http://growgraph.dev/fcaont#AppealRejected",
"22-81.607","http://growgraph.dev/fcaont#AppealRejected","P10M"
"22-81.607","http://growgraph.dev/fcaont#AppealRejected","P13Y"
"22-81.607","http://growgraph.dev/fcaont#AppealRejected","P18Y"
"22-81.607","http://growgraph.dev/fcaont#AppealRejected","P1Y"
"22-81.607","http://growgraph.dev/fcaont#AppealRejected","P1Y6M"
"22-81.607","http://growgraph.dev/fcaont#AppealRejected","P22Y2M11D"
"22-81.607","http://growgraph.dev/fcaont#AppealRejected","P25Y"
"22-81.607","http://growgraph.dev/fcaont#AppealRejected","P2M"
"22-81.607","http://growgraph.dev/fcaont#AppealRejected","P2Y"
"22-81.607","http://growgraph.dev/fcaont#AppealRejected","P2Y1M"
"22-81.607","http://growgraph.dev/fcaont#AppealRejected","P30Y"
"22-81.607","http://growgraph.dev/fcaont#AppealRejected","P3M"
"22-81.607","http://growgraph.dev/fcaont#AppealRejected","P3Y"
"22-81.607","http://growgraph.dev/fcaont#AppealRejected","P4Y"
"22-81.607","http://growgraph.dev/fcaont#AppealRejected","P5M"
"22-81.607","http://growgraph.dev/fcaont#AppealRejected","P5Y"
"22-81.607","http://growgraph.dev/fcaont#AppealRejected","P6M"
"22-81.607","http://growgraph.dev/fcaont#AppealRejected","P6Y"
"22-81.607","http://growgraph.dev/fcaont#AppealRejected","P7Y"
"22-81.607","http://growgraph.dev/fcaont#AppealRejected","P8M"
"22-81.607","http://growgraph.dev/fcaont#AppealRejected","P9M"
"22-81.607","http://growgraph.dev/fcaont#AppealRejected","PT12M"
"22-81.607","http://growgraph.dev/fcaont#AppealRejected","PT18M"
"22-81.607","http://growgraph.dev/fcaont#AppealRejected","PT2M"
"22-81.607","http://growgraph.dev/fcaont#AppealRejected","PT2Y"
"22-81.607","http://growgraph.dev/fcaont#AppealRejected","PT3M"
"22-81.607","http://growgraph.dev/fcaont#AppealRejected","PT3Y"
"22-81.607","http://growgraph.dev/fcaont#AppealRejected","PT4M"
"22-81.607","http://growgraph.dev/fcaont#AppealRejected","PT4Y"
"22-81.607","http://growgraph.dev/fcaont#AppealRejected","PT5Y"
"22-81.607","http://growgraph.dev/fcaont#AppealRejected","PT6M"
"22-81.683",,"P17Y"
"22-81.698","https://growgraph.dev/fca/appeal/fca--22-81--698#AppealDecision_22_81_698",
"22-81.700","http://growgraph.dev/fcaont#AppealRejected",
"22-81.721",,
"22-81.733",,
"22-81.739",,
"22-81.748","https://growgraph.dev/fca/appeal/fca--22-81--748#appealDecision_22_81_748","P10M"
"22-81.748","https://growgraph.dev/fca/appeal/fca--22-81--748#appealDecision_22_81_748","P13Y"
"22-81.748","https://growgraph.dev/fca/appeal/fca--22-81--748#appealDecision_22_81_748","P18Y"
"22-81.748","https://growgraph.dev/fca/appeal/fca--22-81--748#appealDecision_22_81_748","P1Y"
"22-81.748","https://growgraph.dev/fca/appeal/fca--22-81--748#appealDecision_22_81_748","P1Y6M"
"22-81.748","https://growgraph.dev/fca/appeal/fca--22-81--748#appealDecision_22_81_748","P22Y2M11D"
"22-81.748","https://growgraph.dev/fca/appeal/fca--22-81--748#appealDecision_22_81_748","P25Y"
"22-81.748","https://growgraph.dev/fca/appeal/fca--22-81--748#appealDecision_22_81_748","P2M"
"22-81.748","https://growgraph.dev/fca/appeal/fca--22-81--748#appealDecision_22_81_748","P2Y"
"22-81.748","https://growgraph.dev/fca/appeal/fca--22-81--748#appealDecision_22_81_748","P2Y1M"
"22-81.748","https://growgraph.dev/fca/appeal/fca--22-81--748#appealDecision_22_81_748","P30Y"
"22-81.748","https://growgraph.dev/fca/appeal/fca--22-81--748#appealDecision_22_81_748","P3M"
"22-81.748","https://growgraph.dev/fca/appeal/fca--22-81--748#appealDecision_22_81_748","P3Y"
"22-81.748","https://growgraph.dev/fca/appeal/fca--22-81--748#appealDecision_22_81_748","P4Y"
"22-81.748","https://growgraph.dev/fca/appeal/fca--22-81--748#appealDecision_22_81_748","P5M"
"22-81.748","https://growgraph.dev/fca/appeal/fca--22-81--748#appealDecision_22_81_748","P5Y"
"22-81.748","https://growgraph.dev/fca/appeal/fca--22-81--748#appealDecision_22_81_748","P6M"
"22-81.748","https://growgraph.dev/fca/appeal/fca--22-81--748#appealDecision_22_81_748","P6Y"
"22-81.748","https://growgraph.dev/fca/appeal/fca--22-81--748#appealDecision_22_81_748","P7Y"
"22-81.748","https://growgraph.dev/fca/appeal/fca--22-81--748#appealDecision_22_81_748","P8M"
"22-81.748","https://growgraph.dev/fca/appeal/fca--22-81--748#appealDecision_22_81_748","P9M"
"22-81.748","https://growgraph.dev/fca/appeal/fca--22-81--748#appealDecision_22_81_748","PT12M"
"22-81.748","https://growgraph.dev/fca/appeal/fca--22-81--748#appealDecision_22_81_748","PT18M"
"22-81.748","https://growgraph.dev/fca/appeal/fca--22-81--748#appealDecision_22_81_748","PT2M"
"22-81.748","https://growgraph.dev/fca/appeal/fca--22-81--748#appealDecision_22_81_748","PT2Y"
"22-81.748","https://growgraph.dev/fca/appeal/fca--22-81--748#appealDecision_22_81_748","PT3M"
"22-81.748","https://growgraph.dev/fca/appeal/fca--22-81--748#appealDecision_22_81_748","PT3Y"
"22-81.748","https://growgraph.dev/fca/appeal/fca--22-81--748#appealDecision_22_81_748","PT4M"
"22-81.748","https://growgraph.dev/fca/appeal/fca--22-81--748#appealDecision_22_81_748","PT4Y"
"22-81.748","https://growgraph.dev/fca/appeal/fca--22-81--748#appealDecision_22_81_748","PT5Y"
"22-81.748","https://growgraph.dev/fca/appeal/fca--22-81--748#appealDecision_22_81_748","PT6M"
"22-81.750",,
"22-81.753","http://growgraph.dev/fcaont#AppealRejected",
"22-81.780","http://growgraph.dev/fcaont#AppealRejected",
"22-81.782","https://growgraph.dev/fca/appeal/fca--22-81--782#appeal_decision_22_81_782",
"22-81.807",,
"22-81.816","https://growgraph.dev/fca/appeal/fca--22-81--816#appealDecision_22_81_816","P7Y"
"22-81.817","http://growgraph.dev/fcaont#AppealRejected",
"22-81.820","http://growgraph.dev/fcaont#AppealRejected",
"22-81.821",,
"22-81.822","https://growgraph.dev/fca/appeal/fca--22-81--822#AppealDecision_22_81_822","P6M"
"22-81.877","http://growgraph.dev/fcaont#AppealRejected",
"22-81.885","http://growgraph.dev/fcaont#AppealRejected",
"22-81.888",,
"22-81.960","http://growgraph.dev/fcaont#AppealRejected",
"22-81.973","https://growgraph.dev/fca/appeal/fca--22-81--973#appeal_decision_22_81_973",
"22-81.992","http://growgraph.dev/fcaont#AppealRejected",
"22-81.995","http://growgraph.dev/fcaont#AppealRejected",
"22-82.000",,
"22-82.003","https://growgraph.dev/fca/appeal/fca--22-82--003#AppealDecision_22_82_003",
"22-82.049","http://growgraph.dev/fcaont#AppealRejected","P10M"
"22-82.049","http://growgraph.dev/fcaont#AppealRejected","P13Y"
"22-82.049","http://growgraph.dev/fcaont#AppealRejected","P18Y"
"22-82.049","http://growgraph.dev/fcaont#AppealRejected","P1Y"
"22-82.049","http://growgraph.dev/fcaont#AppealRejected","P1Y6M"
"22-82.049","http://growgraph.dev/fcaont#AppealRejected","P22Y2M11D"
"22-82.049","http://growgraph.dev/fcaont#AppealRejected","P25Y"
"22-82.049","http://growgraph.dev/fcaont#AppealRejected","P2M"
"22-82.049","http://growgraph.dev/fcaont#AppealRejected","P2Y"
"22-82.049","http://growgraph.dev/fcaont#AppealRejected","P2Y1M"
"22-82.049","http://growgraph.dev/fcaont#AppealRejected","P30Y"
"22-82.049","http://growgraph.dev/fcaont#AppealRejected","P3M"
"22-82.049","http://growgraph.dev/fcaont#AppealRejected","P3Y"
"22-82.049","http://growgraph.dev/fcaont#AppealRejected","P4Y"
"22-82.049","http://growgraph.dev/fcaont#AppealRejected","P5M"
"22-82.049","http://growgraph.dev/fcaont#AppealRejected","P5Y"
"22-82.049","http://growgraph.dev/fcaont#AppealRejected","P6M"
"22-82.049","http://growgraph.dev/fcaont#AppealRejected","P6Y"
"22-82.049","http://growgraph.dev/fcaont#AppealRejected","P7Y"
"22-82.049","http://growgraph.dev/fcaont#AppealRejected","P8M"
"22-82.049","http://growgraph.dev/fcaont#AppealRejected","P9M"
"22-82.049","http://growgraph.dev/fcaont#AppealRejected","PT12M"
"22-82.049","http://growgraph.dev/fcaont#AppealRejected","PT18M"
"22-82.049","http://growgraph.dev/fcaont#AppealRejected","PT2M"
"22-82.049","http://growgraph.dev/fcaont#AppealRejected","PT2Y"
"22-82.049","http://growgraph.dev/fcaont#AppealRejected","PT3M"
"22-82.049","http://growgraph.dev/fcaont#AppealRejected","PT3Y"
"22-82.049","http://growgraph.dev/fcaont#AppealRejected","PT4M"
"22-82.049","http://growgraph.dev/fcaont#AppealRejected","PT4Y"
"22-82.049","http://growgraph.dev/fcaont#AppealRejected","PT5Y"
"22-82.049","http://growgraph.dev/fcaont#AppealRejected","PT6M"
"22-82.069","http://growgraph.dev/fcaont#AppealRejected",
"22-82.123","https://growgraph.dev/fca/appeal/fca--22-82--123#appeal_decision_non_admission",
"22-82.125","http://growgraph.dev/fcaont#AppealRejected",
"22-82.128","https://growgraph.dev/fca/appeal/fca--22-82--128#AppealDecision_22_82_128",
"22-82.131",,"PT5Y"
"22-82.138",,
"22-82.144","http://growgraph.dev/fcaont#AppealRejected",
"22-82.157",,
"22-82.168",,
"22-82.175","http://growgraph.dev/fcaont#AppealRejected",
"22-82.177","https://growgraph.dev/fca/appeal/fca--22-82--177#AppealDecision22_82_177",
"22-82.184",,
"22-82.185","https://growgraph.dev/fca/appeal/fca--22-82--185#appeal_decision_2282185",
"22-82.196",,
"22-82.202",,
"22-82.211",,"P18Y"
"22-82.215","https://growgraph.dev/fca/appeal/fca--22-82--215#appealDecision_22_82_215",
"22-82.255","http://growgraph.dev/fcaont#AppealRejected","P4M"
"22-82.264",,
"22-82.274",,"PT12Y"
"22-82.286","https://growgraph.dev/fca/appeal/fca--22-82--286#AppealDecision_22_82_286","P7Y"
"22-82.301","http://growgraph.dev/fcaont#AppealRejected",
"22-82.305","http://growgraph.dev/fcaont#AppealRejected",
"22-82.313",,
"22-82.352","http://growgraph.dev/fcaont#AppealRejected",
"22-82.367","http://growgraph.dev/fcaont#AppealRejected",
"22-82.368","http://growgraph.dev/fcaont#AppealRejected",
"22-82.370","http://growgraph.dev/fcaont#AppealRejected",
"22-82.402",,"P1Y"
"22-82.402",,"P2Y"
"22-82.404","https://growgraph.dev/fca/appeal/fca--22-82--404#appeal_decision_22_82_404",
"22-82.465","http://growgraph.dev/fcaont#AppealModified","PT6M"
"22-82.466","http://growgraph.dev/fcaont#AppealRejected",
"22-82.469",,
"22-82.484","http://growgraph.dev/fcaont#AppealRejected",
"22-82.523","https://growgraph.dev/fca/appeal/fca--22-82--523#nonAdmissionDecision",
"22-82.604",,
"22-82.618","http://growgraph.dev/fcaont#AppealRejected",
"22-82.642","https://growgraph.dev/fca/appeal/fca--22-82--642#AppealDecision_50688",
"22-82.660","http://growgraph.dev/fcaont#AppealRejected",
"22-82.665","https://growgraph.dev/fca/appeal/fca--22-82--665#AppealDecision_22_82_665",
"22-82.692","http://growgraph.dev/fcaont#AppealRejected",
"22-82.719",,
"22-82.722","https://growgraph.dev/fca/appeal/fca--22-82--722#appeal_decision_22_82_722",
"22-82.723","https://growgraph.dev/fca/appeal/fca--22-82--723#AppealDecision_22_82_723","PT15Y"
"22-82.733",,
"22-82.739","http://growgraph.dev/fcaont#AppealDecision_22_82_739",
"22-82.758","http://growgraph.dev/fcaont#AppealRejected",
"22-82.777","http://growgraph.dev/fcaont#AppealRejected",
"22-82.784","http://growgraph.dev/fcaont#AppealRejected",
"22-82.817","http://growgraph.dev/fcaont#AppealRejected",
"22-82.824",,
"22-82.830",,"P15Y"
"22-82.849","http://growgraph.dev/fcaont#AppealRejected",
"22-82.865","http://growgraph.dev/fcaont#AppealRejected",
"22-82.879","http://growgraph.dev/fcaont#AppealModified",
"22-82.902",,
"22-82.921","https://growgraph.dev/fca/appeal/fca--22-82--921#AppealDecision_22_82_921",
"22-82.940","http://growgraph.dev/fcaont#AppealRejected",
"22-82.945","http://growgraph.dev/fcaont#AppealRejected",
"22-82.949",,
"22-82.950","http://growgraph.dev/fcaont#AppealRejected",
"22-82.956",,
"22-82.979",,"PT23Y"
"22-82.982","http://growgraph.dev/fcaont#AppealRejected",
"22-82.983","http://growgraph.dev/fcaont#AppealRejected",
"22-82.986","http://growgraph.dev/fcaont#AppealRejected",
"22-82.991","http://growgraph.dev/fcaont#AppealRejected",
"22-82.993","http://growgraph.dev/fcaont#AppealRejected","P6M"
"22-82.999","http://growgraph.dev/fcaont#AppealRejected",
"22-83.004","http://growgraph.dev/fcaont#AppealRejected",
"22-83.012","http://growgraph.dev/fcaont#AppealRejected","P6M"
"22-83.035",,
"22-83.036",,
"22-83.053","http://growgraph.dev/fcaont#AppealRejected",
"22-83.068",,
"22-83.080","https://growgraph.dev/fca/appeal/fca--22-83--080#AppealDecision_22_83_080",
"22-83.120","http://growgraph.dev/fcaont#AppealRejected",
"22-83.126",,
"22-83.136","http://growgraph.dev/fcaont#AppealRejected",
"22-83.140",,
"22-83.147","http://growgraph.dev/fcaont#AppealRejected",
"22-83.149",,
"22-83.151","http://growgraph.dev/fcaont#AppealRejected",
"22-83.154",,
"22-83.160",,
"22-83.162",,"P3M"
"22-83.164","https://growgraph.dev/fca/appeal/fca--22-83--164#AppealDecision_22_83_164",
"22-83.189",,
"22-83.261",,
"22-83.270","http://growgraph.dev/fcaont#AppealRejected",
"22-83.272","http://growgraph.dev/fcaont#AppealRejected",
"22-83.315","http://growgraph.dev/fcaont#AppealRejected",
"22-83.322","https://growgraph.dev/fca/appeal/fca--22-83--322#appeal_decision_22_83_322","PT4Y"
"22-83.324","https://growgraph.dev/fca/appeal/fca--22-83--324#appealDecision_22_83_324",
"22-83.326","http://growgraph.dev/fcaont#AppealRejected",
"22-83.345","https://growgraph.dev/fca/appeal/fca--22-83--345#appealDecision_22_83_345",
"22-83.364","http://growgraph.dev/fcaont#AppealRejected",
"22-83.368","http://growgraph.dev/fcaont#AppealRejected",
"22-83.384",,
"22-83.394",,
"22-83.405",,
"22-83.413","http://growgraph.dev/fcaont#AppealRejected",
"22-83.426","http://growgraph.dev/fcaont#AppealRejected",
"22-83.445",,"P6M"
"22-83.476","https://growgraph.dev/fca/appeal/fca--22-83--476#appealDecision_22_83_476","PT4M"
"22-83.480",,
"22-83.516","https://growgraph.dev/fca/appeal/fca--22-83--516#appeal_decision_22_83_516",
"22-83.523","http://growgraph.dev/fcaont#AppealRejected",
"22-83.530","http://growgraph.dev/fcaont#AppealRejected",
"22-83.548","http://growgraph.dev/fcaont#AppealRejected",
"22-83.576","https://growgraph.dev/fca/appeal/fca--22-83--576#appealDecision_22_83_576",
"22-83.580",,
"22-83.590","http://growgraph.dev/fcaont#AppealRejected","PT8M"
"22-83.591",,
"22-83.599",,
"22-83.602","http://growgraph.dev/fcaont#AppealRejected",
"22-83.613","https://growgraph.dev/fca/appeal/fca--22-83--613#AppealDecision_22_83_613",
"22-83.623",,
"22-83.629","https://growgraph.dev/fca/appeal/fca--22-83--629#appealDecision_22_83_629","PT24M"
"22-83.634","http://growgraph.dev/fcaont#AppealRejected",
"22-83.635",,
"22-83.661","http://growgraph.dev/fcaont#AppealRejected","P6M"
"22-83.667","http://growgraph.dev/fcaont#AppealRejected","P2Y6M"
"22-83.681",,
"22-83.695","http://growgraph.dev/fcaont#AppealRejected",
"22-83.713",,
"22-83.716",,
"22-83.718",,
"22-83.719","http://growgraph.dev/fcaont#AppealRejected",
"22-83.722","http://growgraph.dev/fcaont#AppealCassationPartial",
"22-83.725","http://growgraph.dev/fcaont#AppealRejected",
"22-83.731","http://growgraph.dev/fcaont#AppealRejected",
"22-83.734","http://growgraph.dev/fcaont#AppealRejected",
"22-83.738","http://growgraph.dev/fcaont#AppealRejected",
"22-83.755","https://growgraph.dev/fca/appeal/fca--22-83--755#appealDecision_22_83_755",
"22-83.757","http://growgraph.dev/fcaont#AppealRejected",
"22-83.759","http://growgraph.dev/fcaont#AppealRejected",
"22-83.780",,
"22-83.781","https://growgraph.dev/fca/appeal/fca--22-83--781#appeal_decision_22_83_781","P10Y"
"22-83.790","http://growgraph.dev/fcaont#AppealRejected","P6M"
"22-83.802","http://growgraph.dev/fcaont#AppealRejected",
"22-83.810","http://growgraph.dev/fcaont#AppealRejected",
"22-83.813",,
"22-83.822","http://growgraph.dev/fcaont#AppealRejected",
"22-83.823","http://growgraph.dev/fcaont#AppealRejected",
"22-83.830","http://growgraph.dev/fcaont#AppealRejected","P2Y"
"22-83.832","http://growgraph.dev/fcaont#AppealRejected",
"22-83.890",,
"22-83.906","http://growgraph.dev/fcaont#AppealRejected",
"22-83.909","http://growgraph.dev/fcaont#AppealRejected",
"22-83.910",,
"22-83.948","http://growgraph.dev/fcaont#AppealRejected",
"22-83.967","http://growgraph.dev/fcaont#AppealRejected","PT30Y"
"22-83.980",,
"22-83.981","http://growgraph.dev/fcaont#AppealRejected",
"22-83.986",,
"22-83.991","https://growgraph.dev/fca/appeal/fca--22-83--991#AppealDecision_22_83_991",
"22-83.993","https://growgraph.dev/fca/appeal/fca--22-83--993#appealDecision_22_83_993",
"22-83.996","http://growgraph.dev/fcaont#AppealRejected",
"22-84.009","http://growgraph.dev/fcaont#AppealRejected",
"22-84.019",,"P3Y"
"22-84.067","http://growgraph.dev/fcaont#AppealRejected",
"22-84.077","https://growgraph.dev/fca/appeal/fca--22-84--077#AppealDecision_2284077",
"22-84.103",,"P1Y"
"22-84.133","http://growgraph.dev/fcaont#AppealRejected",
"22-84.137","https://growgraph.dev/fca/appeal/fca--22-84--137#appeal_decision_22_84_137","P8M"
"22-84.195",,"PT18M"
"22-84.204","http://growgraph.dev/fcaont#AppealRejected","P1Y6M"
"22-84.208",,
"22-84.216",,
"22-84.221","http://growgraph.dev/fcaont#AppealRejected",
"22-84.271","http://growgraph.dev/fcaont#AppealRejected","P6M"
"22-84.275","http://growgraph.dev/fcaont#AppealRejected",
"22-84.278","https://growgraph.dev/fca/appeal/fca--22-84--278#decision_non_admission",
"22-84.300","http://growgraph.dev/fcaont#AppealRejected",
"22-84.310",,
"22-84.323","http://growgraph.dev/fcaont#AppealRejected",
"22-84.359","http://growgraph.dev/fcaont#AppealRejected",
"22-84.368",,
"22-84.369","http://growgraph.dev/fcaont#AppealRejected",
"22-84.379","http://growgraph.dev/fcaont#AppealRejected",
"22-84.384","http://growgraph.dev/fcaont#AppealRejected",
"22-84.385","http://growgraph.dev/fcaont#AppealRejected",
"22-84.386","http://growgraph.dev/fcaont#AppealRejected",
"22-84.391","http://growgraph.dev/fcaont#AppealRejected",
"22-84.394",,
"22-84.395","https://growgraph.dev/fca/appeal/fca--22-84--395#AppealRejected_22_84_395",
"22-84.403",,
"22-84.420",,
"22-84.427",,"P2M"
"22-84.433",,
"22-84.436","http://growgraph.dev/fcaont#AppealRejected",
"22-84.444",,"P10M"
"22-84.444",,"P13Y"
"22-84.444",,"P18Y"
"22-84.444",,"P1Y"
"22-84.444",,"P1Y6M"
"22-84.444",,"P22Y2M11D"
"22-84.444",,"P25Y"
"22-84.444",,"P2M"
"22-84.444",,"P2Y"
"22-84.444",,"P2Y1M"
"22-84.444",,"P30Y"
"22-84.444",,"P3M"
"22-84.444",,"P3Y"
"22-84.444",,"P4Y"
"22-84.444",,"P5M"
"22-84.444",,"P5Y"
"22-84.444",,"P6M"
"22-84.444",,"P6Y"
"22-84.444",,"P7Y"
"22-84.444",,"P8M"
"22-84.444",,"P9M"
"22-84.444",,"PT12M"
"22-84.444",,"PT18M"
"22-84.444",,"PT2M"
"22-84.444",,"PT2Y"
"22-84.444",,"PT3M"
"22-84.444",,"PT3Y"
"22-84.444",,"PT4M"
"22-84.444",,"PT4Y"
"22-84.444",,"PT5Y"
"22-84.444",,"PT6M"
"22-84.458","http://growgraph.dev/fcaont#AppealRejected",
"22-84.461","http://growgraph.dev/fcaont#AppealRejected",
"22-84.462","http://growgraph.dev/fcaont#AppealModified",
"22-84.471","http://growgraph.dev/fcaont#AppealRejected",
"22-84.475",,
"22-84.480","http://growgraph.dev/fcaont#AppealRejected",
"22-84.480","http://growgraph.dev/fcaont#AppealRejected",
"22-84.488","https://growgraph.dev/fca/appeal/fca--22-84--488#appeal_decision_1",
"22-84.492","http://growgraph.dev/fcaont#AppealRejected",
"22-84.501","http://growgraph.dev/fcaont#AppealRejected","P10M"
"22-84.501","http://growgraph.dev/fcaont#AppealRejected","P13Y"
"22-84.501","http://growgraph.dev/fcaont#AppealRejected","P18Y"
"22-84.501","http://growgraph.dev/fcaont#AppealRejected","P1Y"
"22-84.501","http://growgraph.dev/fcaont#AppealRejected","P1Y6M"
"22-84.501","http://growgraph.dev/fcaont#AppealRejected","P22Y2M11D"
"22-84.501","http://growgraph.dev/fcaont#AppealRejected","P25Y"
"22-84.501","http://growgraph.dev/fcaont#AppealRejected","P2M"
"22-84.501","http://growgraph.dev/fcaont#AppealRejected","P2Y"
"22-84.501","http://growgraph.dev/fcaont#AppealRejected","P2Y1M"
"22-84.501","http://growgraph.dev/fcaont#AppealRejected","P30Y"
"22-84.501","http://growgraph.dev/fcaont#AppealRejected","P3M"
"22-84.501","http://growgraph.dev/fcaont#AppealRejected","P3Y"
"22-84.501","http://growgraph.dev/fcaont#AppealRejected","P4Y"
"22-84.501","http://growgraph.dev/fcaont#AppealRejected","P5M"
"22-84.501","http://growgraph.dev/fcaont#AppealRejected","P5Y"
"22-84.501","http://growgraph.dev/fcaont#AppealRejected","P6M"
"22-84.501","http://growgraph.dev/fcaont#AppealRejected","P6Y"
"22-84.501","http://growgraph.dev/fcaont#AppealRejected","P7Y"
"22-84.501","http://growgraph.dev/fcaont#AppealRejected","P8M"
"22-84.501","http://growgraph.dev/fcaont#AppealRejected","P9M"
"22-84.501","http://growgraph.dev/fcaont#AppealRejected","PT12M"
"22-84.501","http://growgraph.dev/fcaont#AppealRejected","PT18M"
"22-84.501","http://growgraph.dev/fcaont#AppealRejected","PT2M"
"22-84.501","http://growgraph.dev/fcaont#AppealRejected","PT2Y"
"22-84.501","http://growgraph.dev/fcaont#AppealRejected","PT3M"
"22-84.501","http://growgraph.dev/fcaont#AppealRejected","PT3Y"
"22-84.501","http://growgraph.dev/fcaont#AppealRejected","PT4M"
"22-84.501","http://growgraph.dev/fcaont#AppealRejected","PT4Y"
"22-84.501","http://growgraph.dev/fcaont#AppealRejected","PT5Y"
"22-84.501","http://growgraph.dev/fcaont#AppealRejected","PT6M"
"22-84.524","http://growgraph.dev/fcaont#AppealRejected",
"22-84.549",,
"22-84.552",,
"22-84.552",,
"22-84.566",,
"22-84.582",,
"22-84.594",,
"22-84.595","http://growgraph.dev/fcaont#AppealRejected","P10M"
"22-84.595","http://growgraph.dev/fcaont#AppealRejected","P13Y"
"22-84.595","http://growgraph.dev/fcaont#AppealRejected","P18Y"
"22-84.595","http://growgraph.dev/fcaont#AppealRejected","P1Y"
"22-84.595","http://growgraph.dev/fcaont#AppealRejected","P1Y6M"
"22-84.595","http://growgraph.dev/fcaont#AppealRejected","P22Y2M11D"
"22-84.595","http://growgraph.dev/fcaont#AppealRejected","P25Y"
"22-84.595","http://growgraph.dev/fcaont#AppealRejected","P2M"
"22-84.595","http://growgraph.dev/fcaont#AppealRejected","P2Y"
"22-84.595","http://growgraph.dev/fcaont#AppealRejected","P2Y1M"
"22-84.595","http://growgraph.dev/fcaont#AppealRejected","P30Y"
"22-84.595","http://growgraph.dev/fcaont#AppealRejected","P3M"
"22-84.595","http://growgraph.dev/fcaont#AppealRejected","P3Y"
"22-84.595","http://growgraph.dev/fcaont#AppealRejected","P4Y"
"22-84.595","http://growgraph.dev/fcaont#AppealRejected","P5M"
"22-84.595","http://growgraph.dev/fcaont#AppealRejected","P5Y"
"22-84.595","http://growgraph.dev/fcaont#AppealRejected","P6M"
"22-84.595","http://growgraph.dev/fcaont#AppealRejected","P6Y"
"22-84.595","http://growgraph.dev/fcaont#AppealRejected","P7Y"
"22-84.595","http://growgraph.dev/fcaont#AppealRejected","P8M"
"22-84.595","http://growgraph.dev/fcaont#AppealRejected","P9M"
"22-84.595","http://growgraph.dev/fcaont#AppealRejected","PT12M"
"22-84.595","http://growgraph.dev/fcaont#AppealRejected","PT18M"
"22-84.595","http://growgraph.dev/fcaont#AppealRejected","PT2M"
"22-84.595","http://growgraph.dev/fcaont#AppealRejected","PT2Y"
"22-84.595","http://growgraph.dev/fcaont#AppealRejected","PT3M"
"22-84.595","http://growgraph.dev/fcaont#AppealRejected","PT3Y"
"22-84.595","http://growgraph.dev/fcaont#AppealRejected","PT4M"
"22-84.595","http://growgraph.dev/fcaont#AppealRejected","PT4Y"
"22-84.595","http://growgraph.dev/fcaont#AppealRejected","PT5Y"
"22-84.595","http://growgraph.dev/fcaont#AppealRejected","PT6M"
"22-84.601","https://growgraph.dev/fca/appeal/fca--22-84--601#AppealDecision1",
"22-84.615","http://growgraph.dev/fcaont#AppealRejected",
"22-84.616","http://growgraph.dev/fcaont#AppealRejected","P6M"
"22-84.617","http://growgraph.dev/fcaont#AppealRejected",
"22-84.625",,
"22-84.626",,
"22-84.627",,
"22-84.628","http://growgraph.dev/fcaont#AppealRejected",
"22-84.643","http://growgraph.dev/fcaont#AppealRejected",
"22-84.656",,
"22-84.663","http://growgraph.dev/fcaont#AppealRejected",
"22-84.665",,
"22-84.680","http://growgraph.dev/fcaont#AppealRejected",
"22-84.701","http://growgraph.dev/fcaont#AppealRejected",
"22-84.750",,"P10M"
"22-84.750",,"P13Y"
"22-84.750",,"P18Y"
"22-84.750",,"P1Y"
"22-84.750",,"P1Y6M"
"22-84.750",,"P22Y2M11D"
"22-84.750",,"P25Y"
"22-84.750",,"P2M"
"22-84.750",,"P2Y"
"22-84.750",,"P2Y1M"
"22-84.750",,"P30Y"
"22-84.750",,"P3M"
"22-84.750",,"P3Y"
"22-84.750",,"P4Y"
"22-84.750",,"P5M"
"22-84.750",,"P5Y"
"22-84.750",,"P6M"
"22-84.750",,"P6Y"
"22-84.750",,"P7Y"
"22-84.750",,"P8M"
"22-84.750",,"P9M"
"22-84.750",,"PT12M"
"22-84.750",,"PT18M"
"22-84.750",,"PT2M"
"22-84.750",,"PT2Y"
"22-84.750",,"PT3M"
"22-84.750",,"PT3Y"
"22-84.750",,"PT4M"
"22-84.750",,"PT4Y"
"22-84.750",,"PT5Y"
"22-84.750",,"PT6M"
"22-84.781",,"P14Y"
"22-84.796",,
"22-84.804","http://growgraph.dev/fcaont#AppealModified",
"22-84.819","http://growgraph.dev/fcaont#AppealRejected",
"22-84.836","https://growgraph.dev/fca/appeal/fca--22-84--836#appeal_decision_22_84_836",
"22-84.839",,
"22-84.846","http://growgraph.dev/fcaont#AppealRejected",
"22-84.865","http://growgraph.dev/fcaont#AppealRejected",
"22-84.869",,
"22-84.882","http://growgraph.dev/fcaont#AppealRejected",
"22-84.917",,
"22-84.920","http://growgraph.dev/fcaont#AppealCassationPartial",
"22-84.939","http://growgraph.dev/fcaont#AppealRejected","P0D"
"22-84.939","http://growgraph.dev/fcaont#AppealRejected","P10M"
"22-84.939","http://growgraph.dev/fcaont#AppealRejected","P13Y"
"22-84.939","http://growgraph.dev/fcaont#AppealRejected","P18Y"
"22-84.939","http://growgraph.dev/fcaont#AppealRejected","P1Y"
"22-84.939","http://growgraph.dev/fcaont#AppealRejected","P1Y"
"22-84.939","http://growgraph.dev/fcaont#AppealRejected","P1Y6M"
"22-84.939","http://growgraph.dev/fcaont#AppealRejected","P22Y2M11D"
"22-84.939","http://growgraph.dev/fcaont#AppealRejected","P25Y"
"22-84.939","http://growgraph.dev/fcaont#AppealRejected","P2M"
"22-84.939","http://growgraph.dev/fcaont#AppealRejected","P2Y"
"22-84.939","http://growgraph.dev/fcaont#AppealRejected","P2Y1M"
"22-84.939","http://growgraph.dev/fcaont#AppealRejected","P30Y"
"22-84.939","http://growgraph.dev/fcaont#AppealRejected","P3M"
"22-84.939","http://growgraph.dev/fcaont#AppealRejected","P3Y"
"22-84.939","http://growgraph.dev/fcaont#AppealRejected","P4Y"
"22-84.939","http://growgraph.dev/fcaont#AppealRejected","P5M"
"22-84.939","http://growgraph.dev/fcaont#AppealRejected","P5Y"
"22-84.939","http://growgraph.dev/fcaont#AppealRejected","P6M"
"22-84.939","http://growgraph.dev/fcaont#AppealRejected","P6Y"
"22-84.939","http://growgraph.dev/fcaont#AppealRejected","P7Y"
"22-84.939","http://growgraph.dev/fcaont#AppealRejected","P8M"
"22-84.939","http://growgraph.dev/fcaont#AppealRejected","P9M"
"22-84.939","http://growgraph.dev/fcaont#AppealRejected","PT12M"
"22-84.939","http://growgraph.dev/fcaont#AppealRejected","PT18M"
"22-84.939","http://growgraph.dev/fcaont#AppealRejected","PT2M"
"22-84.939","http://growgraph.dev/fcaont#AppealRejected","PT2Y"
"22-84.939","http://growgraph.dev/fcaont#AppealRejected","PT3M"
"22-84.939","http://growgraph.dev/fcaont#AppealRejected","PT3Y"
"22-84.939","http://growgraph.dev/fcaont#AppealRejected","PT4M"
"22-84.939","http://growgraph.dev/fcaont#AppealRejected","PT4Y"
"22-84.939","http://growgraph.dev/fcaont#AppealRejected","PT5Y"
"22-84.939","http://growgraph.dev/fcaont#AppealRejected","PT6M"
"22-84.943","http://growgraph.dev/fcaont#AppealUpheld",
"22-84.950",,"P6Y"
"22-84.957","http://growgraph.dev/fcaont#AppealRejected",
"22-84.972","https://growgraph.dev/fca/appeal/fca--22-84--972#AppealDecision_22_84_972",
"22-84.974","http://growgraph.dev/fcaont#AppealPartiallyUpheld",
"22-84.979",,
"22-84.985","http://growgraph.dev/fcaont#AppealRejected","P10M"
"22-84.985","http://growgraph.dev/fcaont#AppealRejected","P13Y"
"22-84.985","http://growgraph.dev/fcaont#AppealRejected","P18Y"
"22-84.985","http://growgraph.dev/fcaont#AppealRejected","P1Y"
"22-84.985","http://growgraph.dev/fcaont#AppealRejected","P1Y6M"
"22-84.985","http://growgraph.dev/fcaont#AppealRejected","P22Y2M11D"
"22-84.985","http://growgraph.dev/fcaont#AppealRejected","P25Y"
"22-84.985","http://growgraph.dev/fcaont#AppealRejected","P2M"
"22-84.985","http://growgraph.dev/fcaont#AppealRejected","P2Y"
"22-84.985","http://growgraph.dev/fcaont#AppealRejected","P2Y1M"
"22-84.985","http://growgraph.dev/fcaont#AppealRejected","P30Y"
"22-84.985","http://growgraph.dev/fcaont#AppealRejected","P3M"
"22-84.985","http://growgraph.dev/fcaont#AppealRejected","P3Y"
"22-84.985","http://growgraph.dev/fcaont#AppealRejected","P4Y"
"22-84.985","http://growgraph.dev/fcaont#AppealRejected","P5M"
"22-84.985","http://growgraph.dev/fcaont#AppealRejected","P5Y"
"22-84.985","http://growgraph.dev/fcaont#AppealRejected","P5Y"
"22-84.985","http://growgraph.dev/fcaont#AppealRejected","P6M"
"22-84.985","http://growgraph.dev/fcaont#AppealRejected","P6Y"
"22-84.985","http://growgraph.dev/fcaont#AppealRejected","P7Y"
"22-84.985","http://growgraph.dev/fcaont#AppealRejected","P8M"
"22-84.985","http://growgraph.dev/fcaont#AppealRejected","P9M"
"22-84.985","http://growgraph.dev/fcaont#AppealRejected","PT12M"
"22-84.985","http://growgraph.dev/fcaont#AppealRejected","PT18M"
"22-84.985","http://growgraph.dev/fcaont#AppealRejected","PT2M"
"22-84.985","http://growgraph.dev/fcaont#AppealRejected","PT2Y"
"22-84.985","http://growgraph.dev/fcaont#AppealRejected","PT3M"
"22-84.985","http://growgraph.dev/fcaont#AppealRejected","PT3Y"
"22-84.985","http://growgraph.dev/fcaont#AppealRejected","PT4M"
"22-84.985","http://growgraph.dev/fcaont#AppealRejected","PT4Y"
"22-84.985","http://growgraph.dev/fcaont#AppealRejected","PT5Y"
"22-84.985","http://growgraph.dev/fcaont#AppealRejected","PT6M"
"22-84.985","https://growgraph.dev/fca/appeal/fca--22-84--985#AppealDecision_22_84_985","P10M"
"22-84.985","https://growgraph.dev/fca/appeal/fca--22-84--985#AppealDecision_22_84_985","P13Y"
"22-84.985","https://growgraph.dev/fca/appeal/fca--22-84--985#AppealDecision_22_84_985","P18Y"
"22-84.985","https://growgraph.dev/fca/appeal/fca--22-84--985#AppealDecision_22_84_985","P1Y"
"22-84.985","https://growgraph.dev/fca/appeal/fca--22-84--985#AppealDecision_22_84_985","P1Y6M"
"22-84.985","https://growgraph.dev/fca/appeal/fca--22-84--985#AppealDecision_22_84_985","P22Y2M11D"
"22-84.985","https://growgraph.dev/fca/appeal/fca--22-84--985#AppealDecision_22_84_985","P25Y"
"22-84.985","https://growgraph.dev/fca/appeal/fca--22-84--985#AppealDecision_22_84_985","P2M"
"22-84.985","https://growgraph.dev/fca/appeal/fca--22-84--985#AppealDecision_22_84_985","P2Y"
"22-84.985","https://growgraph.dev/fca/appeal/fca--22-84--985#AppealDecision_22_84_985","P2Y1M"
"22-84.985","https://growgraph.dev/fca/appeal/fca--22-84--985#AppealDecision_22_84_985","P30Y"
"22-84.985","https://growgraph.dev/fca/appeal/fca--22-84--985#AppealDecision_22_84_985","P3M"
"22-84.985","https://growgraph.dev/fca/appeal/fca--22-84--985#AppealDecision_22_84_985","P3Y"
"22-84.985","https://growgraph.dev/fca/appeal/fca--22-84--985#AppealDecision_22_84_985","P4Y"
"22-84.985","https://growgraph.dev/fca/appeal/fca--22-84--985#AppealDecision_22_84_985","P5M"
"22-84.985","https://growgraph.dev/fca/appeal/fca--22-84--985#AppealDecision_22_84_985","P5Y"
"22-84.985","https://growgraph.dev/fca/appeal/fca--22-84--985#AppealDecision_22_84_985","P5Y"
"22-84.985","https://growgraph.dev/fca/appeal/fca--22-84--985#AppealDecision_22_84_985","P6M"
"22-84.985","https://growgraph.dev/fca/appeal/fca--22-84--985#AppealDecision_22_84_985","P6Y"
"22-84.985","https://growgraph.dev/fca/appeal/fca--22-84--985#AppealDecision_22_84_985","P7Y"
"22-84.985","https://growgraph.dev/fca/appeal/fca--22-84--985#AppealDecision_22_84_985","P8M"
"22-84.985","https://growgraph.dev/fca/appeal/fca--22-84--985#AppealDecision_22_84_985","P9M"
"22-84.985","https://growgraph.dev/fca/appeal/fca--22-84--985#AppealDecision_22_84_985","PT12M"
"22-84.985","https://growgraph.dev/fca/appeal/fca--22-84--985#AppealDecision_22_84_985","PT18M"
"22-84.985","https://growgraph.dev/fca/appeal/fca--22-84--985#AppealDecision_22_84_985","PT2M"
"22-84.985","https://growgraph.dev/fca/appeal/fca--22-84--985#AppealDecision_22_84_985","PT2Y"
"22-84.985","https://growgraph.dev/fca/appeal/fca--22-84--985#AppealDecision_22_84_985","PT3M"
"22-84.985","https://growgraph.dev/fca/appeal/fca--22-84--985#AppealDecision_22_84_985","PT3Y"
"22-84.985","https://growgraph.dev/fca/appeal/fca--22-84--985#AppealDecision_22_84_985","PT4M"
"22-84.985","https://growgraph.dev/fca/appeal/fca--22-84--985#AppealDecision_22_84_985","PT4Y"
"22-84.985","https://growgraph.dev/fca/appeal/fca--22-84--985#AppealDecision_22_84_985","PT5Y"
"22-84.985","https://growgraph.dev/fca/appeal/fca--22-84--985#AppealDecision_22_84_985","PT6M"
"22-85.011","http://growgraph.dev/fcaont#AppealRejected",
"22-85.037","https://growgraph.dev/fca/appeal/fca--22-85--037#appealDecision22_85_037",
"22-85.061",,"P6M"
"22-85.082","http://growgraph.dev/fcaont#AppealRejected",
"22-85.111",,
"22-85.117",,
"22-85.135",,
"22-85.151","http://growgraph.dev/fcaont#AppealRejected",
"22-85.184","http://growgraph.dev/fcaont#AppealRejected",
"22-85.243","https://growgraph.dev/fca/appeal/fca--22-85--243#appealDecision_22_85_243",
"22-85.283",,
"22-85.312","http://growgraph.dev/fcaont#AppealRejected",
"22-85.359","http://growgraph.dev/fcaont#AppealCassationPartial",
"22-85.360",,
"22-85.393",,
"22-85.425","https://growgraph.dev/fca/appeal/fca--22-85--425#appealDecision_2285425","PT3Y"
"22-85.463","http://growgraph.dev/fcaont#AppealRejected",
"22-85.467","http://growgraph.dev/fcaont#AppealRejected",
"22-85.469","http://growgraph.dev/fcaont#AppealRejected",
"22-85.493","http://growgraph.dev/fcaont#AppealRejected",
"22-85.502","http://growgraph.dev/fcaont#AppealRejected",
"22-85.523","http://growgraph.dev/fcaont#AppealRejected",
"22-85.527","http://growgraph.dev/fcaont#AppealRejected",
"22-85.544",,"P6M"
"22-85.571",,
"22-85.591",,
"22-85.612","http://growgraph.dev/fcaont#AppealRejected",
"22-85.622",,
"22-85.623","https://growgraph.dev/fca/appeal/fca--22-85--623#AppealDecision22_85_623",
"22-85.631","http://growgraph.dev/fcaont#AppealRejected",
"22-85.632","http://growgraph.dev/fcaont#AppealRejected",
"22-85.651",,
"22-85.729",,
"22-85.731","http://growgraph.dev/fcaont#AppealRejected",
"22-85.740",,
"22-85.748","http://growgraph.dev/fcaont#AppealRejected","P1Y"
"22-85.758","http://growgraph.dev/fcaont#AppealRejected",
"22-85.759","http://growgraph.dev/fcaont#AppealRejected",
"22-85.762","http://growgraph.dev/fcaont#AppealRejected",
"22-85.764",,
"22-85.797","http://growgraph.dev/fcaont#AppealRejected",
"22-85.821","http://growgraph.dev/fcaont#AppealRejected",
"22-85.825",,
"22-85.828",,
"22-85.850","http://growgraph.dev/fcaont#AppealRejected",
"22-85.861",,
"22-85.872",,
"22-85.879","https://growgraph.dev/fca/appeal/fca--22-85--879#appeal_decision_22_85_879","P2Y"
"22-85.894","http://growgraph.dev/fcaont#AppealRejected",
"22-85.912",,
"22-85.913","http://growgraph.dev/fcaont#AppealRejected",
"22-85.916",,
"22-85.917","http://growgraph.dev/fcaont#AppealRejected",
"22-85.922","https://growgraph.dev/fca/appeal/fca--22-85--922#appeal_decision_22_85_922","PT4M"
"22-85.936","http://growgraph.dev/fcaont#AppealRejected",
"22-85.944",,
"22-85.954","http://growgraph.dev/fcaont#AppealRejected",
"22-85.970","http://growgraph.dev/fcaont#AppealRejected",
"22-85.975","http://growgraph.dev/fcaont#AppealRejected",
"22-85.978",,
"22-85.988",,
"22-85.990",,
"22-85.998",,
"22-86.002",,
"22-86.004",,
"22-86.022","http://growgraph.dev/fcaont#AppealRejected",
"22-86.030",,"P10M"
"22-86.032",,
"22-86.036",,
"22-86.046",,
"22-86.056","http://growgraph.dev/fcaont#AppealRejected",
"22-86.067",,
"22-86.095","http://growgraph.dev/fcaont#AppealRejected",
"22-86.113","http://growgraph.dev/fcaont#AppealRejected",
"22-86.171",,"P12Y"
"22-86.181","https://growgraph.dev/fca/appeal/fca--22-86--181#appealDecision_22_86_181",
"22-86.184",,
"22-86.185","http://growgraph.dev/fcaont#AppealRejected",
"22-86.187",,
"22-86.196",,"PT20Y"
"22-86.199","http://growgraph.dev/fcaont#AppealRejected",
"22-86.208","http://growgraph.dev/fcaont#AppealRejected",
"22-86.210",,
"22-86.213",,"P2Y"
"22-86.231","http://growgraph.dev/fcaont#AppealRejected",
"22-86.235",,
"22-86.239","http://growgraph.dev/fcaont#AppealRejected",
"22-86.265","http://growgraph.dev/fcaont#AppealRejected",
"22-86.286","http://growgraph.dev/fcaont#AppealRejected",
"22-86.289","http://growgraph.dev/fcaont#AppealRejected",
"22-86.300","http://growgraph.dev/fcaont#AppealRejected","P10M"
"22-86.300","http://growgraph.dev/fcaont#AppealRejected","P13Y"
"22-86.300","http://growgraph.dev/fcaont#AppealRejected","P18Y"
"22-86.300","http://growgraph.dev/fcaont#AppealRejected","P1Y"
"22-86.300","http://growgraph.dev/fcaont#AppealRejected","P1Y6M"
"22-86.300","http://growgraph.dev/fcaont#AppealRejected","P22Y2M11D"
"22-86.300","http://growgraph.dev/fcaont#AppealRejected","P25Y"
"22-86.300","http://growgraph.dev/fcaont#AppealRejected","P2M"
"22-86.300","http://growgraph.dev/fcaont#AppealRejected","P2Y"
"22-86.300","http://growgraph.dev/fcaont#AppealRejected","P2Y1M"
"22-86.300","http://growgraph.dev/fcaont#AppealRejected","P30Y"
"22-86.300","http://growgraph.dev/fcaont#AppealRejected","P3M"
"22-86.300","http://growgraph.dev/fcaont#AppealRejected","P3Y"
"22-86.300","http://growgraph.dev/fcaont#AppealRejected","P4Y"
"22-86.300","http://growgraph.dev/fcaont#AppealRejected","P5M"
"22-86.300","http://growgraph.dev/fcaont#AppealRejected","P5Y"
"22-86.300","http://growgraph.dev/fcaont#AppealRejected","P6M"
"22-86.300","http://growgraph.dev/fcaont#AppealRejected","P6Y"
"22-86.300","http://growgraph.dev/fcaont#AppealRejected","P7Y"
"22-86.300","http://growgraph.dev/fcaont#AppealRejected","P8M"
"22-86.300","http://growgraph.dev/fcaont#AppealRejected","P9M"
"22-86.300","http://growgraph.dev/fcaont#AppealRejected","PT12M"
"22-86.300","http://growgraph.dev/fcaont#AppealRejected","PT18M"
"22-86.300","http://growgraph.dev/fcaont#AppealRejected","PT2M"
"22-86.300","http://growgraph.dev/fcaont#AppealRejected","PT2Y"
"22-86.300","http://growgraph.dev/fcaont#AppealRejected","PT3M"
"22-86.300","http://growgraph.dev/fcaont#AppealRejected","PT3Y"
"22-86.300","http://growgraph.dev/fcaont#AppealRejected","PT4M"
"22-86.300","http://growgraph.dev/fcaont#AppealRejected","PT4Y"
"22-86.300","http://growgraph.dev/fcaont#AppealRejected","PT5Y"
"22-86.300","http://growgraph.dev/fcaont#AppealRejected","PT6M"
"22-86.303",,
"22-86.304","http://growgraph.dev/fcaont#AppealRejected",
"22-86.306","http://growgraph.dev/fcaont#AppealRejected",
"22-86.323","http://growgraph.dev/fcaont#AppealRejected",
"22-86.324","http://growgraph.dev/fcaont#AppealRejected",
"22-86.337","http://growgraph.dev/fcaont#AppealRejected",
"22-86.348","https://growgraph.dev/fca/appeal/fca--22-86--348#AppealDecision_1",
"22-86.352","http://growgraph.dev/fcaont#AppealRejected",
"22-86.399",,
"22-86.400",,
"22-86.401","http://growgraph.dev/fcaont#AppealRejected","https://growgraph.dev/fca/appeal/fca--22-84--386#DurationLifeImprisonment"
"22-86.401","http://growgraph.dev/fcaont#AppealRejected","P0D"
"22-86.401","http://growgraph.dev/fcaont#AppealRejected","P1M"
"22-86.401","http://growgraph.dev/fcaont#AppealRejected","P1Y"
"22-86.401","http://growgraph.dev/fcaont#AppealRejected","P1Y6M"
"22-86.401","http://growgraph.dev/fcaont#AppealRejected","P2032-05-12"
"22-86.401","http://growgraph.dev/fcaont#AppealRejected","P28Y"
"22-86.401","http://growgraph.dev/fcaont#AppealRejected","P2Y"
"22-86.401","http://growgraph.dev/fcaont#AppealRejected","P30D"
"22-86.401","http://growgraph.dev/fcaont#AppealRejected","P3D"
"22-86.401","http://growgraph.dev/fcaont#AppealRejected","P3M"
"22-86.401","http://growgraph.dev/fcaont#AppealRejected","P3Y"
"22-86.401","http://growgraph.dev/fcaont#AppealRejected","P4M"
"22-86.401","http://growgraph.dev/fcaont#AppealRejected","P5Y"
"22-86.401","http://growgraph.dev/fcaont#AppealRejected","P6M"
"22-86.401","http://growgraph.dev/fcaont#AppealRejected","P90D"
"22-86.401","http://growgraph.dev/fcaont#AppealRejected","PT12M"
"22-86.401","http://growgraph.dev/fcaont#AppealRejected","PT15Y"
"22-86.401","http://growgraph.dev/fcaont#AppealRejected","PT1Y"
"22-86.401","http://growgraph.dev/fcaont#AppealRejected","PT2Y"
"22-86.401","http://growgraph.dev/fcaont#AppealRejected","PT5Y"
"22-86.401","http://growgraph.dev/fcaont#AppealRejected","PT6M"
"22-86.401","http://growgraph.dev/fcaont#AppealRejected","PT7Y"
"22-86.409",,
"22-86.416","http://growgraph.dev/fcaont#AppealRejected",
"22-86.460","http://growgraph.dev/fcaont#AppealRejected",
"22-86.466","http://growgraph.dev/fcaont#AppealRejected",
"22-86.484","http://growgraph.dev/fcaont#AppealRejected",
"22-86.485","http://growgraph.dev/fcaont#AppealRejected",
"22-86.520","http://growgraph.dev/fcaont#AppealRejected",
"22-86.527","https://growgraph.dev/fca/appeal/fca--22-86--527#appeal_decision_22_86_527",
"22-86.564","http://growgraph.dev/fcaont#AppealRejected",
"22-86.586","https://growgraph.dev/fca/appeal/fca--22-86--586#AppealDecision_22_86_586",
"22-86.600","http://growgraph.dev/fcaont#AppealRejected",
"22-86.631","http://growgraph.dev/fcaont#AppealRejected","P10M"
"22-86.631","http://growgraph.dev/fcaont#AppealRejected","P13Y"
"22-86.631","http://growgraph.dev/fcaont#AppealRejected","P18Y"
"22-86.631","http://growgraph.dev/fcaont#AppealRejected","P1Y"
"22-86.631","http://growgraph.dev/fcaont#AppealRejected","P1Y6M"
"22-86.631","http://growgraph.dev/fcaont#AppealRejected","P22Y2M11D"
"22-86.631","http://growgraph.dev/fcaont#AppealRejected","P25Y"
"22-86.631","http://growgraph.dev/fcaont#AppealRejected","P2M"
"22-86.631","http://growgraph.dev/fcaont#AppealRejected","P2Y"
"22-86.631","http://growgraph.dev/fcaont#AppealRejected","P2Y1M"
"22-86.631","http://growgraph.dev/fcaont#AppealRejected","P30Y"
"22-86.631","http://growgraph.dev/fcaont#AppealRejected","P3M"
"22-86.631","http://growgraph.dev/fcaont#AppealRejected","P3Y"
"22-86.631","http://growgraph.dev/fcaont#AppealRejected","P4Y"
"22-86.631","http://growgraph.dev/fcaont#AppealRejected","P5M"
"22-86.631","http://growgraph.dev/fcaont#AppealRejected","P5Y"
"22-86.631","http://growgraph.dev/fcaont#AppealRejected","P6M"
"22-86.631","http://growgraph.dev/fcaont#AppealRejected","P6Y"
"22-86.631","http://growgraph.dev/fcaont#AppealRejected","P7Y"
"22-86.631","http://growgraph.dev/fcaont#AppealRejected","P8M"
"22-86.631","http://growgraph.dev/fcaont#AppealRejected","P9M"
"22-86.631","http://growgraph.dev/fcaont#AppealRejected","PT12M"
"22-86.631","http://growgraph.dev/fcaont#AppealRejected","PT18M"
"22-86.631","http://growgraph.dev/fcaont#AppealRejected","PT2M"
"22-86.631","http://growgraph.dev/fcaont#AppealRejected","PT2Y"
"22-86.631","http://growgraph.dev/fcaont#AppealRejected","PT3M"
"22-86.631","http://growgraph.dev/fcaont#AppealRejected","PT3Y"
"22-86.631","http://growgraph.dev/fcaont#AppealRejected","PT4M"
"22-86.631","http://growgraph.dev/fcaont#AppealRejected","PT4Y"
"22-86.631","http://growgraph.dev/fcaont#AppealRejected","PT5Y"
"22-86.631","http://growgraph.dev/fcaont#AppealRejected","PT6M"
"22-86.635","http://growgraph.dev/fcaont#AppealRejected",
"22-86.636","http://growgraph.dev/fcaont#AppealRejected",
"22-86.668","http://growgraph.dev/fcaont#AppealRejected","P8M"
"22-86.673","http://growgraph.dev/fcaont#AppealRejected",
"22-86.674","http://growgraph.dev/fcaont#AppealRejected",
"22-86.675","http://growgraph.dev/fcaont#AppealRejected","P4M"
"22-86.685","https://growgraph.dev/fca/appeal/fca--22-86--685#AppealDecision_22_86_685",
"22-86.690","https://growgraph.dev/fca/appeal/fca--22-86--690#appealDecision22_86_690",
"22-86.693","https://growgraph.dev/fca/appeal/fca--22-86--693#Appeal_Decision_22_86_693",
"22-86.705",,"P5M"
"22-86.716","http://growgraph.dev/fcaont#AppealRejected",
"22-86.721","http://growgraph.dev/fcaont#AppealRejected","P1Y6M"
"22-86.733",,
"22-86.738","http://growgraph.dev/fcaont#AppealRejected",
"22-86.747","http://growgraph.dev/fcaont#AppealRejected",
"22-86.757","http://growgraph.dev/fcaont#AppealRejected",
"22-86.765","http://growgraph.dev/fcaont#AppealRejected",
"22-86.766",,
"22-86.771","http://growgraph.dev/fcaont#AppealRejected",
"22-86.823",,
"22-86.846",,
"22-86.859",,"P1Y"
"22-86.868",,
"22-86.887",,
"22-86.940",,
"22-86.986","http://growgraph.dev/fcaont#AppealRejected",
"22-87.007",,"P10M"
"22-87.007",,"P13Y"
"22-87.007",,"P18Y"
"22-87.007",,"P1Y"
"22-87.007",,"P1Y6M"
"22-87.007",,"P22Y2M11D"
"22-87.007",,"P25Y"
"22-87.007",,"P2M"
"22-87.007",,"P2Y"
"22-87.007",,"P2Y1M"
"22-87.007",,"P30Y"
"22-87.007",,"P3M"
"22-87.007",,"P3Y"
"22-87.007",,"P4Y"
"22-87.007",,"P5M"
"22-87.007",,"P5Y"
"22-87.007",,"P6M"
"22-87.007",,"P6Y"
"22-87.007",,"P7Y"
"22-87.007",,"P8M"
"22-87.007",,"P9M"
"22-87.007",,"PT12M"
"22-87.007",,"PT18M"
"22-87.007",,"PT2M"
"22-87.007",,"PT2Y"
"22-87.007",,"PT3M"
"22-87.007",,"PT3Y"
"22-87.007",,"PT4M"
"22-87.007",,"PT4Y"
"22-87.007",,"PT5Y"
"22-87.007",,"PT6M"
"22-87.023","http://growgraph.dev/fcaont#AppealRejected",
"22-87.031",,
"22-87.036","http://growgraph.dev/fcaont#AppealRejected",
"22-87.053","http://growgraph.dev/fcaont#AppealRejected",
"22-87.056","http://growgraph.dev/fcaont#AppealRejected",
"22-87.061",,"P4Y"
"22-87.066","http://growgraph.dev/fcaont#AppealRejected",
"22-87.124","http://growgraph.dev/fcaont#AppealRejected",
"22-87.147","http://growgraph.dev/fcaont#AppealRejected",
"22-87.149","http://growgraph.dev/fcaont#AppealRejected",
"22-87.153","http://growgraph.dev/fcaont#AppealRejected",
"22-87.155",,
"22-87.212","https://growgraph.dev/fca/appeal/fca--22-87--212#appealDecision_22_87_212",
"22-87.223","http://growgraph.dev/fcaont#AppealRejected","P4M"
"22-87.227",,
"22-87.244",,
"22-87.253","http://growgraph.dev/fcaont#AppealRejected",
"22-87.280","https://growgraph.dev/fca/appeal/fca--22-87--280#appealDecision_22_87_280",
"22-87.285","http://growgraph.dev/fcaont#AppealRejected",
"22-87.287","http://growgraph.dev/fcaont#AppealPartiallyUpheld",
"22-87.311","http://growgraph.dev/fcaont#AppealCassationPartialWithoutReferral",
"22-87.319","http://growgraph.dev/fcaont#AppealRejected",
"22-87.323",,
"22-87.330","https://growgraph.dev/fca/appeal/fca--22-87--330#appealDecision_22_87_330",
"22-87.338",,
"22-87.341",,
"22-87.350","http://growgraph.dev/fcaont#AppealRejected","P6M"
"22-87.398","http://growgraph.dev/fcaont#AppealRejected",
"22-87.423","http://growgraph.dev/fcaont#AppealRejected",
"22-87.434",,
"22-87.483",,
"22-87.513","http://growgraph.dev/fcaont#AppealRejected",
"22-87.524","https://growgraph.dev/fca/appeal/fca--22-87--524#appeal_decision_22_87_524",
"22-87.553",,"P20Y"
"22-87.554","http://growgraph.dev/fcaont#AppealRejected",
"22-87.579",,
"22-87.606",,
"22-90.018","http://growgraph.dev/fcaont#AppealRejected",
"23-80.002","http://growgraph.dev/fcaont#AppealRejected",
"23-80.068","http://growgraph.dev/fcaont#AppealRejected","P6M"
"23-80.069",,
"23-80.072",,
"23-80.121","http://growgraph.dev/fcaont#AppealRejected",
"23-80.164","http://growgraph.dev/fcaont#AppealRejected",
"23-80.176","http://growgraph.dev/fcaont#AppealRejected",
"23-80.184","http://growgraph.dev/fcaont#AppealRejected",
"23-80.190","https://growgraph.dev/fca/appeal/fca--23-80--190#appeal_decision_23_80_190","P18Y"
"23-80.209",,
"23-80.212","http://growgraph.dev/fcaont#AppealRejected",
"23-80.263",,
"23-80.275","https://growgraph.dev/fca/appeal/fca--23-80--275#AppealDecision_23_80_275",
"23-80.281",,
"23-80.307","https://growgraph.dev/fca/appeal/fca--23-80--307#appeal_decision_23_80_307",
"23-80.311","http://growgraph.dev/fcaont#AppealRejected",
"23-80.316","https://growgraph.dev/fca/appeal/fca--23-80--316#Appeal_Decision_23_80_316","https://growgraph.dev/fca/appeal/fca--22-84--386#DurationLifeImprisonment"
"23-80.316","https://growgraph.dev/fca/appeal/fca--23-80--316#Appeal_Decision_23_80_316","P0D"
"23-80.316","https://growgraph.dev/fca/appeal/fca--23-80--316#Appeal_Decision_23_80_316","P1M"
"23-80.316","https://growgraph.dev/fca/appeal/fca--23-80--316#Appeal_Decision_23_80_316","P1Y"
"23-80.316","https://growgraph.dev/fca/appeal/fca--23-80--316#Appeal_Decision_23_80_316","P1Y6M"
"23-80.316","https://growgraph.dev/fca/appeal/fca--23-80--316#Appeal_Decision_23_80_316","P2032-05-12"
"23-80.316","https://growgraph.dev/fca/appeal/fca--23-80--316#Appeal_Decision_23_80_316","P28Y"
"23-80.316","https://growgraph.dev/fca/appeal/fca--23-80--316#Appeal_Decision_23_80_316","P2Y"
"23-80.316","https://growgraph.dev/fca/appeal/fca--23-80--316#Appeal_Decision_23_80_316","P30D"
"23-80.316","https://growgraph.dev/fca/appeal/fca--23-80--316#Appeal_Decision_23_80_316","P3D"
"23-80.316","https://growgraph.dev/fca/appeal/fca--23-80--316#Appeal_Decision_23_80_316","P3M"
"23-80.316","https://growgraph.dev/fca/appeal/fca--23-80--316#Appeal_Decision_23_80_316","P3Y"
"23-80.316","https://growgraph.dev/fca/appeal/fca--23-80--316#Appeal_Decision_23_80_316","P4M"
"23-80.316","https://growgraph.dev/fca/appeal/fca--23-80--316#Appeal_Decision_23_80_316","P5Y"
"23-80.316","https://growgraph.dev/fca/appeal/fca--23-80--316#Appeal_Decision_23_80_316","P6M"
"23-80.316","https://growgraph.dev/fca/appeal/fca--23-80--316#Appeal_Decision_23_80_316","P90D"
"23-80.316","https://growgraph.dev/fca/appeal/fca--23-80--316#Appeal_Decision_23_80_316","PT12M"
"23-80.316","https://growgraph.dev/fca/appeal/fca--23-80--316#Appeal_Decision_23_80_316","PT15Y"
"23-80.316","https://growgraph.dev/fca/appeal/fca--23-80--316#Appeal_Decision_23_80_316","PT1Y"
"23-80.316","https://growgraph.dev/fca/appeal/fca--23-80--316#Appeal_Decision_23_80_316","PT2Y"
"23-80.316","https://growgraph.dev/fca/appeal/fca--23-80--316#Appeal_Decision_23_80_316","PT5Y"
"23-80.316","https://growgraph.dev/fca/appeal/fca--23-80--316#Appeal_Decision_23_80_316","PT6M"
"23-80.316","https://growgraph.dev/fca/appeal/fca--23-80--316#Appeal_Decision_23_80_316","PT7Y"
"23-80.317","http://growgraph.dev/fcaont#AppealRejected",
"23-80.331",,
"23-80.340","https://growgraph.dev/fca/appeal/fca--23-80--340#AppealDecision_23_80_340",
"23-80.352","https://growgraph.dev/fca/appeal/fca--23-80--352#appeal_decision_23_80_352",
"23-80.354","http://growgraph.dev/fcaont#AppealRejected",
"23-80.356","http://growgraph.dev/fcaont#AppealRejected",
"23-80.398","http://growgraph.dev/fcaont#AppealRejected","P3Y"
"23-80.402","http://growgraph.dev/fcaont#AppealRejected",
"23-80.405","http://growgraph.dev/fcaont#AppealRejected",
"23-80.426","http://growgraph.dev/fcaont#AppealRejected",
"23-80.449",,
"23-80.467","http://growgraph.dev/fcaont#AppealRejected",
"23-80.548","http://growgraph.dev/fcaont#AppealRejected",
"23-80.549","http://growgraph.dev/fcaont#AppealRejected",
"23-80.565","http://growgraph.dev/fcaont#AppealRejected",
"23-80.567",,
"23-80.574","http://growgraph.dev/fcaont#AppealRejected",
"23-80.588","http://growgraph.dev/fcaont#AppealRejected",
"23-80.596","http://growgraph.dev/fcaont#AppealRejected",
"23-80.623",,
"23-80.648",,
"23-80.659","http://growgraph.dev/fcaont#AppealRejected",
"23-80.665","http://growgraph.dev/fcaont#AppealRejected",
"23-80.673","http://growgraph.dev/fcaont#AppealRejected",
"23-80.701",,
"23-80.734","http://growgraph.dev/fcaont#AppealRejected",
"23-80.756","http://growgraph.dev/fcaont#AppealRejected",
"23-80.775","http://growgraph.dev/fcaont#AppealRejected",
"23-80.837","http://growgraph.dev/fcaont#AppealRejected",
"23-80.863","http://growgraph.dev/fcaont#AppealRejected",
"23-80.873","https://growgraph.dev/fca/appeal/fca--23-80--873#AppealDecision_23_80_873",
"23-80.876","http://growgraph.dev/fcaont#AppealRejected",
"23-80.877","https://growgraph.dev/fca/appeal/fca--23-80--877#appeal_decision_00710",
"23-80.880",,
"23-80.903","https://growgraph.dev/fca/appeal/fca--23-80--903#AppealDecision_23_80_903",
"23-80.934","http://growgraph.dev/fcaont#AppealRejected",
"23-80.946",,
"23-80.982",,
"23-81.007","http://growgraph.dev/fcaont#AppealRejected",
"23-81.103",,
"23-81.108",,
"23-81.130",,
"23-81.134",,
"23-81.136","http://growgraph.dev/fcaont#AppealRejected",
"23-81.140","http://growgraph.dev/fcaont#AppealRejected",
"23-81.185","http://growgraph.dev/fcaont#AppealRejected",
"23-81.295",,
"23-81.297","http://growgraph.dev/fcaont#AppealRejected",
"23-81.445","http://growgraph.dev/fcaont#AppealRejected",
"23-81.472","https://growgraph.dev/fca/appeal/fca--23-81--472#AppealDecision_23_81_472",
"23-81.475",,
"23-81.480","http://growgraph.dev/fcaont#AppealRejected",
"23-81.485","http://growgraph.dev/fcaont#AppealRejected",
"23-81.494","https://growgraph.dev/fca/appeal/fca--23-81--494#appealDecision_23_81_494",
"23-81.522","http://growgraph.dev/fcaont#AppealRejected",
"23-81.534","http://growgraph.dev/fcaont#AppealRejected",
"23-81.555","http://growgraph.dev/fcaont#AppealRejected",
"23-81.574",,
"23-81.590",,
"23-81.593",,
"23-81.594","http://growgraph.dev/fcaont#AppealRejected",
"23-81.655","https://growgraph.dev/fca/appeal/fca--23-81--655#AppealDecision_23_81_655",
"23-81.726","https://growgraph.dev/fca/appeal/fca--23-81--726#appeal_decision_23_81_726",
"23-81.728","https://growgraph.dev/fca/appeal/fca--23-81--728#AppealDecision_23_81_728",
"23-81.778","http://growgraph.dev/fcaont#AppealRejected",
"23-81.806","http://growgraph.dev/fcaont#AppealRejected",
"23-81.858",,
"23-81.866","http://growgraph.dev/fcaont#AppealRejected",
"23-81.883","http://growgraph.dev/fcaont#AppealRejected",
"23-81.889","http://growgraph.dev/fcaont#AppealRejected",
"23-81.899","http://growgraph.dev/fcaont#AppealRejected",
"23-81.924",,"PT20Y"
"23-82.007","http://growgraph.dev/fcaont#AppealRejected",
"23-82.046","http://growgraph.dev/fcaont#AppealRejected",
"23-82.048",,
"23-82.049",,
"23-82.083","https://growgraph.dev/fca/appeal/fca--23-82--083#appeal_decision_01043",
"23-82.130","https://growgraph.dev/fca/appeal/fca--23-82--130#AppealDecision_23_82_130",
"23-82.145","https://growgraph.dev/fca/appeal/fca--23-82--145#AppealDecision_2382145",
"23-82.146","http://growgraph.dev/fcaont#AppealRejected",
"23-82.151",,
"23-82.152","http://growgraph.dev/fcaont#AppealRejected",
"23-82.160",,
"23-82.167","http://growgraph.dev/fcaont#AppealRejected",
"23-82.218","http://growgraph.dev/fcaont#AppealRejected",
"23-82.281","http://growgraph.dev/fcaont#AppealRejected",
"23-82.325","http://growgraph.dev/fcaont#AppealRejected","PT30Y"
"23-82.383",,
"23-82.427","http://growgraph.dev/fcaont#AppealRejected",
"23-82.443","http://growgraph.dev/fcaont#AppealRejected",
"23-82.461","http://growgraph.dev/fcaont#AppealUpheld",
"23-82.476","http://growgraph.dev/fcaont#AppealRejected",
"23-82.478","https://growgraph.dev/fca/appeal/fca--23-82--478#AppealDecision_23_82_478",
"23-82.551","http://growgraph.dev/fcaont#AppealRejected",
"23-82.555",,
"23-82.622",,
"23-82.874","http://growgraph.dev/fcaont#AppealRejected",
"23-83.033","https://growgraph.dev/fca/appeal/fca--23-83--033#appeal_decision_2300","P10M"
"23-83.033","https://growgraph.dev/fca/appeal/fca--23-83--033#appeal_decision_2300","P13Y"
"23-83.033","https://growgraph.dev/fca/appeal/fca--23-83--033#appeal_decision_2300","P18Y"
"23-83.033","https://growgraph.dev/fca/appeal/fca--23-83--033#appeal_decision_2300","P1Y"
"23-83.033","https://growgraph.dev/fca/appeal/fca--23-83--033#appeal_decision_2300","P1Y6M"
"23-83.033","https://growgraph.dev/fca/appeal/fca--23-83--033#appeal_decision_2300","P22Y2M11D"
"23-83.033","https://growgraph.dev/fca/appeal/fca--23-83--033#appeal_decision_2300","P25Y"
"23-83.033","https://growgraph.dev/fca/appeal/fca--23-83--033#appeal_decision_2300","P2M"
"23-83.033","https://growgraph.dev/fca/appeal/fca--23-83--033#appeal_decision_2300","P2Y"
"23-83.033","https://growgraph.dev/fca/appeal/fca--23-83--033#appeal_decision_2300","P2Y1M"
"23-83.033","https://growgraph.dev/fca/appeal/fca--23-83--033#appeal_decision_2300","P30Y"
"23-83.033","https://growgraph.dev/fca/appeal/fca--23-83--033#appeal_decision_2300","P3M"
"23-83.033","https://growgraph.dev/fca/appeal/fca--23-83--033#appeal_decision_2300","P3Y"
"23-83.033","https://growgraph.dev/fca/appeal/fca--23-83--033#appeal_decision_2300","P4Y"
"23-83.033","https://growgraph.dev/fca/appeal/fca--23-83--033#appeal_decision_2300","P5M"
"23-83.033","https://growgraph.dev/fca/appeal/fca--23-83--033#appeal_decision_2300","P5Y"
"23-83.033","https://growgraph.dev/fca/appeal/fca--23-83--033#appeal_decision_2300","P6M"
"23-83.033","https://growgraph.dev/fca/appeal/fca--23-83--033#appeal_decision_2300","P6Y"
"23-83.033","https://growgraph.dev/fca/appeal/fca--23-83--033#appeal_decision_2300","P7Y"
"23-83.033","https://growgraph.dev/fca/appeal/fca--23-83--033#appeal_decision_2300","P8M"
"23-83.033","https://growgraph.dev/fca/appeal/fca--23-83--033#appeal_decision_2300","P9M"
"23-83.033","https://growgraph.dev/fca/appeal/fca--23-83--033#appeal_decision_2300","PT12M"
"23-83.033","https://growgraph.dev/fca/appeal/fca--23-83--033#appeal_decision_2300","PT18M"
"23-83.033","https://growgraph.dev/fca/appeal/fca--23-83--033#appeal_decision_2300","PT2M"
"23-83.033","https://growgraph.dev/fca/appeal/fca--23-83--033#appeal_decision_2300","PT2Y"
"23-83.033","https://growgraph.dev/fca/appeal/fca--23-83--033#appeal_decision_2300","PT3M"
"23-83.033","https://growgraph.dev/fca/appeal/fca--23-83--033#appeal_decision_2300","PT3Y"
"23-83.033","https://growgraph.dev/fca/appeal/fca--23-83--033#appeal_decision_2300","PT4M"
"23-83.033","https://growgraph.dev/fca/appeal/fca--23-83--033#appeal_decision_2300","PT4Y"
"23-83.033","https://growgraph.dev/fca/appeal/fca--23-83--033#appeal_decision_2300","PT5Y"
"23-83.033","https://growgraph.dev/fca/appeal/fca--23-83--033#appeal_decision_2300","PT6M"
"23-83.053","http://growgraph.dev/fcaont#AppealRejected",
"23-83.082","https://growgraph.dev/fca/appeal/fca--23-83--082#AppealDecision_00822",
"23-83.087","https://growgraph.dev/fca/appeal/fca--23-83--087#AppealDecision23_83_087",
"23-83.109","http://growgraph.dev/fcaont#AppealRejected",
"23-83.192","https://growgraph.dev/fca/appeal/fca--23-83--192#appealDecision_23_83_192",
"23-83.311","http://growgraph.dev/fcaont#AppealRejected",
"23-83.412","https://growgraph.dev/fca/appeal/fca--23-83--412#appealDecision_23_83_412",
"23-83.582","https://growgraph.dev/fca/appeal/fca--23-83--582#Appeal_Decision_23_83_582",
"23-83.588",,
"23-83.974","http://growgraph.dev/fcaont#AppealRejected",
"23-90.002","http://growgraph.dev/fcaont#AppealRejected",
"23-90.003",,
"23-90.005",,
"50076",,
"Contravention Sens",,
"G 22-83.562","https://growgraph.dev/fca/appeal/fca--22-83--561#appeal_decision_00186",